#Device,LCX200
#Device Name,RS-LCX200-02169.local
#Format,LOG
#Date,2025-02-28
#Version,02.036 001FCD160E
#Serial No.,102169
#Logging Interval[s],0.0
#Mode,Unlimited
#Start Time,11:19:22
#Stop Time,11:19:35
#Actual Count,0000000009
Timestamp,R[Ohm],X[Ohm],Z[Ohm],Θd[°],Bias,Bias Enable,Ext. Voltage Enable,Voltage[V],Frequency[Hz]
11:19:25.107,1.50315E-02,1.77392E-03,1.51358E-02,6.73051E+00,nan,FALSE,FALSE,1.00000E-02,4.00000E+00
11:19:26.608,1.30985E-02,2.84365E-04,1.31016E-02,1.24368E+00,nan,FALSE,FALSE,2.00000E-02,4.00000E+00
11:19:27.857,1.19731E-02,-3.24180E-04,1.19775E-02,-1.55094E+00,nan,FALSE,FALSE,3.00000E-02,4.00000E+00
11:19:29.106,1.22286E-02,-3.35990E-04,1.22332E-02,-1.57384E+00,nan,FALSE,FALSE,4.00000E-02,4.00000E+00
11:19:30.358,1.29970E-02,-3.31330E-04,1.30012E-02,-1.46032E+00,nan,FALSE,FALSE,5.00000E-02,4.00000E+00
11:19:31.604,1.19428E-02,-3.47009E-04,1.19478E-02,-1.66432E+00,nan,FALSE,FALSE,6.00000E-02,4.00000E+00
11:19:32.854,1.19717E-02,-1.82168E-04,1.19731E-02,-8.71777E-01,nan,FALSE,FALSE,7.00000E-02,4.00000E+00
11:19:34.107,1.14411E-02,-7.03067E-05,1.14413E-02,-3.52083E-01,nan,FALSE,FALSE,8.00000E-02,4.00000E+00
11:19:35.356,1.21014E-02,-4.90154E-04,1.21114E-02,-2.31943E+00,nan,FALSE,FALSE,9.00000E-02,4.00000E+00
