#Device,LCX200
#Device Name,RS-LCX200-02169.local
#Format,LOG
#Date,2025-02-28
#Version,02.036 001FCD160E
#Serial No.,102169
#Logging Interval[s],0.0
#Mode,Unlimited
#Start Time,11:21:12
#Stop Time,11:21:25
#Actual Count,0000000009
Timestamp,R[Ohm],X[Ohm],Z[Ohm],Θd[°],Bias,Bias Enable,Ext. Voltage Enable,Voltage[V],Frequency[Hz]
11:21:15.601,1.55870E-02,-4.19814E-04,1.55926E-02,-1.54281E+00,nan,FALSE,FALSE,1.00000E-02,4.00000E+00
11:21:17.104,1.25402E-02,-1.56080E-04,1.25411E-02,-7.13088E-01,nan,FALSE,FALSE,2.00000E-02,4.00000E+00
11:21:18.351,1.18758E-02,-3.56194E-04,1.18812E-02,-1.71797E+00,nan,FALSE,FALSE,3.00000E-02,4.00000E+00
11:21:19.601,1.18442E-02,-5.52045E-04,1.18571E-02,-2.66856E+00,nan,FALSE,FALSE,4.00000E-02,4.00000E+00
11:21:20.851,1.23470E-02,-7.58578E-04,1.23703E-02,-3.51573E+00,nan,FALSE,FALSE,5.00000E-02,4.00000E+00
11:21:22.100,1.19317E-02,2.14600E-05,1.19317E-02,1.03051E-01,nan,FALSE,FALSE,6.00000E-02,4.00000E+00
11:21:23.350,1.22159E-02,-4.67538E-05,1.22159E-02,-2.19287E-01,nan,FALSE,FALSE,7.00000E-02,4.00000E+00
11:21:24.600,1.19280E-02,1.01429E-04,1.19284E-02,4.87201E-01,nan,FALSE,FALSE,8.00000E-02,4.00000E+00
11:21:25.852,1.22747E-02,-1.20386E-04,1.22753E-02,-5.61917E-01,nan,FALSE,FALSE,9.00000E-02,4.00000E+00
